{
  "format": "cosmos-genetic-othello",
  "version": 1,
  "saved_at": "2026-07-14T20:23:15.549817+00:00",
  "generation": 9,
  "feature_names": [
    "disc_difference",
    "opponent_mobility",
    "corners",
    "edges",
    "frontier_safety",
    "positional_value"
  ],
  "genome_layout": "opening weights followed by endgame weights",
  "generation_best": {
    "genome": [
      0.6111740012187431,
      0.043730961364171574,
      0.08090972194210384,
      0.031379128656163324,
      0.2504655223726259,
      1.401795326606675,
      0.9233501044882872,
      0.7991855887837335,
      0.632221498770724,
      0.9061415580124514,
      0.23142089745415773,
      -0.40672524557432305
    ],
    "fitness": 0.7379261363636364,
    "games": 44
  },
  "best_ever": {
    "genome": [
      0.6731700979014472,
      0.1961182771691752,
      0.8820439810285096,
      0.5363647418404579,
      0.47985659043237194,
      1.4490437737873854,
      0.1664352311386429,
      -0.02344160927197031,
      0.31557339178164895,
      0.311750338134197,
      0.029406616705753882,
      -0.4596828003537443
    ],
    "fitness": 0.9439453125,
    "games": 44
  },
  "population": [
    {
      "genome": [
        0.6111740012187431,
        0.043730961364171574,
        0.08090972194210384,
        0.031379128656163324,
        0.2504655223726259,
        1.401795326606675,
        0.9233501044882872,
        0.7991855887837335,
        0.632221498770724,
        0.9061415580124514,
        0.23142089745415773,
        -0.40672524557432305
      ],
      "fitness": 0.7379261363636364,
      "games": 44
    },
    {
      "genome": [
        0.5650394985697882,
        0.172895541752338,
        0.6101075881599783,
        0.6239294459643182,
        0.5514434026695395,
        1.4603635660010008,
        0.573071915188253,
        0.7677562963748913,
        0.9717727555900232,
        0.8033748734466624,
        0.022525365435945324,
        0.14731695390586835
      ],
      "fitness": 0.5957741477272727,
      "games": 44
    },
    {
      "genome": [
        0.5650394985697882,
        0.172895541752338,
        0.6878461075260116,
        0.6239294459643182,
        0.5514434026695395,
        1.4603635660010008,
        0.573071915188253,
        0.7677562963748913,
        0.9717727555900232,
        0.8033748734466624,
        0.022525365435945324,
        0.14731695390586835
      ],
      "fitness": 0.7138849431818182,
      "games": 44
    },
    {
      "genome": [
        1.0033419360708458,
        0.10192503660346224,
        0.8557668655371219,
        1.1973161971035902,
        1.091742111568212,
        1.5749372283369916,
        0.8232717453780778,
        0.16084316649231356,
        0.9513861847538108,
        0.7708767788267183,
        0.37770772666889907,
        0.2581266337422769
      ],
      "fitness": 0.37306463068181817,
      "games": 44
    },
    {
      "genome": [
        0.7245059714666026,
        0.3219005576292838,
        0.6101075881599783,
        0.6618213639173395,
        0.5514434026695395,
        1.4603635660010008,
        0.573071915188253,
        0.7677562963748913,
        0.9717727555900232,
        0.8033748734466624,
        0.022525365435945324,
        -0.3042593499571596
      ],
      "fitness": 0.6350497159090908,
      "games": 44
    },
    {
      "genome": [
        0.5530500014515387,
        0.157380541996429,
        0.5577902821242104,
        0.8916436833781283,
        0.5642924202408404,
        1.4697128873900627,
        0.6162552655466783,
        0.6858092117835022,
        0.9331347051478098,
        0.7390625218810459,
        0.18639144586866632,
        -0.2792739087099453
      ],
      "fitness": 0.5960937500000001,
      "games": 44
    },
    {
      "genome": [
        0.6549826796109334,
        -0.11041300923233138,
        0.4384750611182998,
        0.9588516827262853,
        0.47179614783566626,
        1.4546131506979292,
        0.6128456527412285,
        0.3085911446344512,
        1.1592826186466876,
        0.6516648444037421,
        -0.5280017128922253,
        -0.3101990785349088
      ],
      "fitness": 0.5440696022727274,
      "games": 44
    },
    {
      "genome": [
        0.8729267566747584,
        0.08536779652225239,
        0.8072671588236334,
        0.8940667931701898,
        0.8352972980242048,
        1.5757044710119794,
        0.7122662552134628,
        0.20774958651452982,
        0.6778349486598092,
        0.7442889512129194,
        0.18963785007188258,
        -0.31975060328456156
      ],
      "fitness": 0.6883700284090909,
      "games": 44
    },
    {
      "genome": [
        0.6111740012187431,
        0.043730961364171574,
        0.08090972194210384,
        0.031379128656163324,
        0.2504655223726259,
        1.401795326606675,
        0.9233501044882872,
        0.7991855887837335,
        0.632221498770724,
        0.9061415580124514,
        0.23142089745415773,
        -0.40672524557432305
      ],
      "fitness": 0.5719992897727272,
      "games": 44
    },
    {
      "genome": [
        0.5007929290494394,
        0.13821553871413478,
        0.5777709815082458,
        0.42203593501102166,
        0.5714291006623322,
        1.4622770170823638,
        1.041416099000628,
        0.7236296852969907,
        0.9256005801439312,
        0.8025374591945467,
        0.39596265665800146,
        -0.005216276489983296
      ],
      "fitness": 0.4536399147727273,
      "games": 44
    },
    {
      "genome": [
        0.5680305023463955,
        0.1677305385472437,
        0.14815083266732354,
        -0.030915553842378846,
        0.8962357800959548,
        1.4543458203127992,
        0.5375210315146836,
        1.2608954913813286,
        0.7553214298210122,
        0.8636261725666067,
        0.23062840426817566,
        -0.32013552650459715
      ],
      "fitness": 0.40403053977272735,
      "games": 44
    },
    {
      "genome": [
        0.6467745980955988,
        0.05388330329181441,
        0.4152235649804285,
        0.8835109478396923,
        0.47877556342632055,
        1.506692923538159,
        1.1812593967459033,
        0.253801024241517,
        0.6398453706308418,
        0.8824093593567202,
        0.22174251213318763,
        -0.44757985544869544
      ],
      "fitness": 0.47846235795454545,
      "games": 44
    },
    {
      "genome": [
        0.40579387929758615,
        0.18711142601505715,
        0.409196381431435,
        0.8284295452609507,
        0.6229304535489149,
        1.8705096128340741,
        0.5460895707141589,
        0.8090749051203419,
        0.9652464455329575,
        0.643186056617759,
        0.3628385727783978,
        0.17960262158663096
      ],
      "fitness": 0.5349964488636364,
      "games": 44
    },
    {
      "genome": [
        0.8233249302149962,
        0.012198982995716732,
        0.4544745489236607,
        -0.6915990023027806,
        0.5495499105522196,
        1.4966225907420685,
        0.816954809586376,
        1.1850984323242184,
        0.6090320346943626,
        0.7349630036302741,
        0.09401847687628129,
        0.2300142817511513
      ],
      "fitness": 0.47654474431818167,
      "games": 44
    },
    {
      "genome": [
        0.5650394985697882,
        0.2936271508603152,
        0.6042143006457472,
        0.6658377803756083,
        0.5514434026695395,
        1.4603635660010008,
        0.573071915188253,
        0.7677562963748912,
        0.9717727555900232,
        0.8033748734466624,
        0.022525365435945324,
        0.1821458236151452
      ],
      "fitness": 0.5973188920454544,