{
  "format": "cosmos-genetic-othello",
  "version": 1,
  "saved_at": "2026-07-14T20:07:08.909399+00:00",
  "generation": 0,
  "feature_names": [
    "disc_difference",
    "opponent_mobility",
    "corners",
    "edges",
    "frontier_safety",
    "positional_value"
  ],
  "genome_layout": "opening weights followed by endgame weights",
  "generation_best": {
    "genome": [
      0.33831953960582006,
      0.4699781669688865,
      -0.07040702397185772,
      -1.2305269164132189,
      0.7728117658993101,
      1.1303111124683243,
      1.2701430478388418,
      1.0273806694205474,
      1.1945193640736367,
      1.2692473194605305,
      0.12179977484416327,
      -0.32611184929612547
    ],
    "fitness": 0.9426491477272727,
    "games": 44
  },
  "best_ever": {
    "genome": [
      0.33831953960582006,
      0.4699781669688865,
      -0.07040702397185772,
      -1.2305269164132189,
      0.7728117658993101,
      1.1303111124683243,
      1.2701430478388418,
      1.0273806694205474,
      1.1945193640736367,
      1.2692473194605305,
      0.12179977484416327,
      -0.32611184929612547
    ],
    "fitness": 0.9426491477272727,
    "games": 44
  },
  "population": [
    {
      "genome": [
        -0.2,
        1.2,
        2.0,
        0.3,
        0.8,
        1.0,
        1.5,
        0.4,
        2.0,
        0.6,
        0.35,
        0.8
      ],
      "fitness": 0.7645596590909091,
      "games": 44
    },
    {
      "genome": [
        1.0332655545751441,
        0.7738632088209076,
        -0.238285257507465,
        -0.72324974912111,
        0.03382416410582545,
        -0.28519758764875713,
        0.851395767104318,
        -0.5900618217632176,
        -0.07020913754293256,
        0.2501461183650937,
        1.2243386555860054,
        0.014060567452170769
      ],
      "fitness": 0.3821022727272727,
      "games": 44
    },
    {
      "genome": [
        -0.6544864668008885,
        0.7674126124716718,
        0.3551069900259949,
        -0.7484809759126784,
        1.2292387679047203,
        1.4483564281129593,
        0.9306517079897687,
        1.206497851318748,
        -0.5695572920420021,
        0.6894952447803862,
        1.1965148639039804,
        0.5519517957463238
      ],
      "fitness": 0.7197620738636364,
      "games": 44
    },
    {
      "genome": [
        -0.08357185364185993,
        -1.1978963757949026,
        -0.19748449363864884,
        0.3326609203314048,
        1.2390331597136948,
        1.3998191033122764,
        -0.0689706703418489,
        1.0959297833149204,
        -0.7185230688241218,
        0.9150834810390669,
        0.14609791150676799,
        -1.4578748995079431
      ],
      "fitness": 0.3249644886363636,
      "games": 44
    },
    {
      "genome": [
        0.6591140592118623,
        -0.30352937332719376,
        0.9745349314446989,
        0.5044596036955524,
        -1.4965715420567152,
        -0.019266400604025957,
        1.1028083264783426,
        -0.7682673693386041,
        -0.5243869117578298,
        1.1114136963259638,
        -0.9267987254928284,
        0.20253222186201558
      ],
      "fitness": 0.4386896306818182,
      "games": 44
    },
    {
      "genome": [
        -0.7841522141543394,
        1.40262075087043,
        0.90953840783961,
        -0.156091285693289,
        -1.2586625443423938,
        -0.5398361859823627,
        0.023821927561721745,
        1.2985014726807202,
        -1.172826462206689,
        0.15380173827165367,
        0.619684229600669,
        0.1423227339852713
      ],
      "fitness": 0.5604048295454546,
      "games": 44
    },
    {
      "genome": [
        0.9434005898740079,
        0.12085082091097199,
        1.3915156379214029,
        0.3095568838841489,
        0.26285119252630906,
        -0.16503292117345136,
        0.28886058474931886,
        -0.34529656208201853,
        0.22695304249466552,
        -0.629011492791726,
        -0.9318260143369316,
        -0.9398114152333347
      ],
      "fitness": 0.42904829545454537,
      "games": 44
    },
    {
      "genome": [
        0.33831953960582006,
        0.4699781669688865,
        -0.07040702397185772,
        -1.2305269164132189,
        0.7728117658993101,
        1.1303111124683243,
        1.2701430478388418,
        1.0273806694205474,
        1.1945193640736367,
        1.2692473194605305,
        0.12179977484416327,
        -0.32611184929612547
      ],
      "fitness": 0.9426491477272727,
      "games": 44
    },
    {
      "genome": [
        0.6158501995632188,
        -0.6730976360636185,
        0.9348861255236356,
        1.0484578955591015,
        1.1851169022800256,
        0.26940355059347953,
        1.3492946196963618,
        0.23908503223681787,
        -0.1483106801065346,
        0.4807361358671669,
        1.488773518060718,
        1.2508236538423683
      ],
      "fitness": 0.772780539772727,
      "games": 44
    },
    {
      "genome": [
        0.8799752523906728,
        -1.252881035410058,
        0.3383493151221366,
        -0.04066739409249953,
        0.3904420212344184,
        1.0352327270145456,
        -0.7708931338144313,
        0.6944676623725434,
        -1.148597120374446,
        -0.8386183893965145,
        0.8837489151317275,
        -0.5023915523410336
      ],
      "fitness": 0.3680397727272727,
      "games": 44
    },
    {
      "genome": [
        0.9477392896009786,
        -1.1981774393517113,
        -1.0609245332630883,
        0.5930119205737165,
        -1.364297796403163,
        0.22159811036750066,
        1.2300480440971189,
        0.10259390478217201,
        0.5417673976867694,
        -1.4199096160133844,
        0.4049997297343748,
        0.3190152532626569
      ],
      "fitness": 0.3666725852272727,
      "games": 44
    },
    {
      "genome": [
        0.2278588440946221,
        -0.32637177203151935,
        -0.38958017899443753,
        1.441549951941806,
        -1.3908238871655425,
        -1.4350904704349277,
        1.3830938407188333,
        -0.945084175807685,
        -1.1283145067267049,
        -0.8682704703400607,
        0.9022397710625429,
        1.3109074759337425
      ],
      "fitness": 0.29692826704545455,
      "games": 44
    },
    {
      "genome": [
        -1.4316522729940249,
        -0.22314350409954864,
        -1.1954993418774906,
        -0.720240330621504,
        -0.8375121860510479,
        0.44077715950596774,
        -0.44911809781040324,
        -0.9590462954109364,
        0.010909515629661692,
        -1.3818638787459228,
        -1.1972362764331002,
        1.4647054461675033
      ],
      "fitness": 0.2301313920454546,
      "games": 44
    },
    {
      "genome": [
        -0.9019326285988111,
        -0.42433409606519445,
        0.6947949186760818,
        1.0149796955802488,
        1.2554461859859942,
        -0.991726181707597,
        0.5179216907191577,
        1.3996467091295495,
        -1.325847168520504,
        0.5286053528981349,
        1.0362737811048492,
        -0.4730623767642479
      ],
      "fitness": 0.5447620738636364,
      "games": 44
    },
    {
      "genome": [
        -0.747937982144665,
        0.29037418040823315,
        -0.17305789890276313,
        -0.9755415466456766,
        -0.08512375471113609,
        -0.2702838130273362,
        0.20733821857284074,
        0.02580039018789959,
        -0.5656619969993796,
        -0.4285449522292115,
        1.012983523106937,
        -0.7472020055335888
      ],
      "fitness": 0.34396306818181815,
      "games": 44
    },
    {
      "genome": [
        0.18180065656057187,
        -1.4626910435120568,
        0.7247231322319907,
        -0.49225033657961825,
        -1.3629105192947502,
        -0.6573505073449553,
        -0.7796087765209381,
        1.3593880194833967,
        -0.4433233154534777,
        -0.6363662554307999,
        -0.422396408238761,
        1.3407175069736734
      ],
      "fitness": 0.35601917613636364,