{
  "format": "cosmos-genetic-othello",
  "version": 1,
  "saved_at": "2026-07-14T20:32:14.689400+00:00",
  "generation": 14,
  "feature_names": [
    "disc_difference",
    "opponent_mobility",
    "corners",
    "edges",
    "frontier_safety",
    "positional_value"
  ],
  "genome_layout": "opening weights followed by endgame weights",
  "generation_best": {
    "genome": [
      0.34361280353471674,
      0.11662191481979389,
      0.558312881469331,
      -0.32709208226801983,
      0.5622295956516186,
      1.5714668141918047,
      0.6237690939670131,
      0.5461528211941375,
      1.154932200326521,
      0.7416075652712549,
      0.0004671369841896568,
      0.35240003077277027
    ],
    "fitness": 0.7595348011363633,
    "games": 44
  },
  "best_ever": {
    "genome": [
      0.6731700979014472,
      0.1961182771691752,
      0.8820439810285096,
      0.5363647418404579,
      0.47985659043237194,
      1.4490437737873854,
      0.1664352311386429,
      -0.02344160927197031,
      0.31557339178164895,
      0.311750338134197,
      0.029406616705753882,
      -0.4596828003537443
    ],
    "fitness": 0.9439453125,
    "games": 44
  },
  "population": [
    {
      "genome": [
        0.271088335326952,
        0.14277580822064395,
        0.5884357609399421,
        0.5781493131665757,
        0.48154496270254893,
        1.4045560867755262,
        0.7607112798276522,
        0.6306810291856448,
        0.9507746323322938,
        0.6542164429788053,
        0.18381828651197257,
        0.31524666791414374
      ],
      "fitness": 0.5225674715909091,
      "games": 44
    },
    {
      "genome": [
        0.7984028430108738,
        0.20067337551174835,
        0.09475036523830671,
        0.4190629656057269,
        0.5732988070783879,
        1.4429342601969164,
        0.9214337300757415,
        0.7783599914332426,
        0.45676647732951803,
        0.8525266113596941,
        0.23149889443550822,
        -0.20933388250798823
      ],
      "fitness": 0.6337357954545453,
      "games": 44
    },
    {
      "genome": [
        0.5483296413364719,
        0.10278640785083673,
        0.5194573212792495,
        0.7180573968419542,
        0.33329918665497665,
        1.8625873890108542,
        0.8344178620220162,
        0.760291617843373,
        0.8385505730988337,
        0.8454792933404451,
        0.26966339272061485,
        0.5216163162023332
      ],
      "fitness": 0.7386718750000001,
      "games": 44
    },
    {
      "genome": [
        0.5596338216013966,
        -0.04230188427038328,
        0.5109227646958607,
        0.6219504903448103,
        0.643891884917177,
        1.3800915263310378,
        0.7759608493407933,
        0.7519389812417918,
        0.7887212759248785,
        0.4017367424880246,
        0.21450427011285236,
        0.122150459518684
      ],
      "fitness": 0.5009232954545454,
      "games": 44
    },
    {
      "genome": [
        0.5753321848993193,
        0.17104342307076548,
        0.6809546538037993,
        0.6214360478412424,
        0.5338865542612088,
        1.5294532642714305,
        0.9262763893245365,
        0.6754791351640883,
        0.9555577487950468,
        0.7497155058406475,
        0.25982646919397845,
        0.2545477961971174
      ],
      "fitness": 0.5520596590909091,
      "games": 44
    },
    {
      "genome": [
        0.34361280353471674,
        0.11662191481979389,
        0.558312881469331,
        -0.32709208226801983,
        0.5622295956516186,
        1.5714668141918047,
        0.6237690939670131,
        0.5461528211941375,
        1.154932200326521,
        0.7416075652712549,
        0.0004671369841896568,
        0.35240003077277027
      ],
      "fitness": 0.7595348011363633,
      "games": 44
    },
    {
      "genome": [
        0.37718144975058493,
        0.20061065661973,
        0.3932919260691995,
        0.469385674939643,
        0.5748876169929765,
        1.4264685622078774,
        0.764765544971448,
        0.8877935602462426,
        0.5999479647780733,
        0.8790617766753044,
        0.23187852038303228,
        -0.22720535501897682
      ],
      "fitness": 0.4517400568181818,
      "games": 44
    },
    {
      "genome": [
        0.5972760956777711,
        0.12818050684574794,
        0.47530706284817437,
        0.7232034360915721,
        0.9164245594522165,
        1.6042859097581856,
        0.4688933770374255,
        0.7654900246721844,
        0.7311253379184162,
        0.7345473648305851,
        0.19272738479313206,
        0.28920533584329255
      ],
      "fitness": 0.5613636363636363,
      "games": 44
    },
    {
      "genome": [
        0.09357162831381055,
        -0.0019346098038799673,
        0.5842807882778623,
        0.9368714463811427,
        0.45394325795938345,
        1.2464964369150124,
        0.5257104510365204,
        0.15125083429753236,
        0.733399348532494,
        0.8271819957644159,
        0.2966429633666068,
        0.41713704601173335
      ],
      "fitness": 0.4921342329545455,
      "games": 44
    },
    {
      "genome": [
        0.38547604730359136,
        -0.028970606745908557,
        0.35625153143537236,
        0.7204349440269748,
        0.20546416780124258,
        1.4998816777957873,
        0.919500723362117,
        0.5324655422135316,
        0.7116316838426835,
        0.7822893445990782,
        0.2878003203308586,
        -0.4865214407283069
      ],
      "fitness": 0.6185546875000001,
      "games": 44
    },
    {
      "genome": [
        0.534483302026233,
        0.05669301715550873,
        0.5072279417110617,
        0.7666857892946742,
        0.5160984246097409,
        1.5239663993566754,
        0.7676747581998149,
        0.7381916024543431,
        0.6847257534806911,
        0.4463845860809711,
        0.18173727009079962,
        0.3118850966661624
      ],
      "fitness": 0.5478160511363636,
      "games": 44
    },
    {
      "genome": [
        0.5050670352289041,
        0.11107827221293379,
        0.2604442296316535,
        0.25963502863328874,
        0.4618503894072494,
        1.4924442260041875,
        0.8222292221941984,
        0.7848670505789842,
        0.9678917831829168,
        0.6770227523279879,
        0.4287599818277169,
        -0.1741923787732818
      ],
      "fitness": 0.5874822443181817,
      "games": 44
    },
    {
      "genome": [
        0.6846223982904296,
        0.1704083470067965,
        0.1847344700910432,
        0.42001754691696375,
        0.5530294444501841,
        1.7099409143024007,
        0.9213759078007966,
        0.7769757892652873,
        0.7900526375767176,
        0.8049700437677569,
        0.3819015750434318,
        -0.42565804978184363
      ],
      "fitness": 0.3578302556818182,
      "games": 44
    },
    {
      "genome": [
        0.2929867923329982,
        0.17982409229972535,
        0.35966793842138095,
        0.5509102643628835,
        0.5425509162731198,
        1.4088396675296404,
        0.913663902764669,
        0.7909648735197107,
        0.7091834680046345,
        0.84321136338863,
        0.16123939473079876,
        -0.3319171075617589
      ],
      "fitness": 0.3355113636363636,
      "games": 44
    },
    {
      "genome": [
        0.22887703902427403,
        0.12826586815401958,
        0.4626400820502334,
        0.5776861074254964,
        0.568516717337581,
        1.4145852106364076,
        0.8684180479350601,
        0.7669073719797731,
        0.5533919004529595,
        0.6510429148434553,
        0.23772403856596963,
        -0.08598098903788198
      ],
      "fitness": 0.5002130681818181,