{
  "format": "cosmos-genetic-othello",
  "version": 1,
  "saved_at": "2026-07-14T20:14:29.503061+00:00",
  "generation": 4,
  "feature_names": [
    "disc_difference",
    "opponent_mobility",
    "corners",
    "edges",
    "frontier_safety",
    "positional_value"
  ],
  "genome_layout": "opening weights followed by endgame weights",
  "generation_best": {
    "genome": [
      0.6401094417376205,
      0.015960822309115823,
      0.8334722487998592,
      -1.493606836312127,
      0.5687754191988633,
      1.5088226601960617,
      0.30708123013736366,
      1.496685438005887,
      0.6439837898719314,
      0.8494322857796222,
      0.258517127558446,
      -0.42712921516302527
    ],
    "fitness": 0.7587002840909093,
    "games": 44
  },
  "best_ever": {
    "genome": [
      0.6731700979014472,
      0.1961182771691752,
      0.8820439810285096,
      0.5363647418404579,
      0.47985659043237194,
      1.4490437737873854,
      0.1664352311386429,
      -0.02344160927197031,
      0.31557339178164895,
      0.311750338134197,
      0.029406616705753882,
      -0.4596828003537443
    ],
    "fitness": 0.9439453125,
    "games": 44
  },
  "population": [
    {
      "genome": [
        0.6731700979014472,
        0.1961182771691752,
        0.8820439810285096,
        0.5363647418404579,
        0.47985659043237194,
        1.4490437737873854,
        0.1664352311386429,
        -0.02344160927197031,
        0.31557339178164895,
        0.311750338134197,
        0.029406616705753882,
        -0.4596828003537443
      ],
      "fitness": 0.7171697443181819,
      "games": 44
    },
    {
      "genome": [
        0.6932727822340385,
        0.11279034030362618,
        0.7601262626673781,
        0.583992598066431,
        0.469680186882394,
        1.2047910912777082,
        1.225240075126286,
        0.27531817204674586,
        0.3736966215722277,
        1.0591086956477669,
        -0.04585635871981058,
        0.25824635397228773
      ],
      "fitness": 0.702272727272727,
      "games": 44
    },
    {
      "genome": [
        0.5779929068021576,
        0.5722260444021621,
        0.9998545363405299,
        -0.16862673271641182,
        0.43324189868170315,
        1.4272267871730528,
        0.20047982562660316,
        0.9508477179053451,
        0.6733754249752313,
        0.6683400988285153,
        0.15055670937917495,
        -0.42779916203280055
      ],
      "fitness": 0.5496626420454546,
      "games": 44
    },
    {
      "genome": [
        -0.08096728880590681,
        0.28358744820630805,
        1.0053406027558254,
        0.44406401153313535,
        0.43249300351930003,
        0.6662113779152894,
        1.2532164830953403,
        0.18731312295686114,
        0.5067538745707484,
        0.7720110536711622,
        0.24992994950487682,
        0.2486078555360452
      ],
      "fitness": 0.30932173295454535,
      "games": 44
    },
    {
      "genome": [
        0.09338170942786586,
        0.5766480270105298,
        0.19100846291400841,
        -0.1921642635847052,
        0.3570003447580389,
        1.0557854530683883,
        1.3364462518685765,
        0.7272625903926847,
        1.2069800706372615,
        1.1160231012020985,
        0.34214030940907253,
        -0.2961130262966935
      ],
      "fitness": 0.4747336647727272,
      "games": 44
    },
    {
      "genome": [
        0.6533703099623461,
        0.17742138525150813,
        0.693355732317849,
        0.45530107929949354,
        0.4387471164339114,
        0.9628809515456491,
        1.4491080556104268,
        0.813378261794534,
        2.062145716950676,
        1.0742300244812653,
        0.10160539106834157,
        0.4927603511622166
      ],
      "fitness": 0.6332563920454545,
      "games": 44
    },
    {
      "genome": [
        -0.07434336665525776,
        0.5252336151835229,
        0.7898232734795197,
        0.49602185263327075,
        0.41914856226003533,
        1.0811951220338238,
        1.646647167495225,
        0.13794478753555112,
        0.24240855563569477,
        1.2192863651846655,
        0.2156036433462239,
        0.524338238801343
      ],
      "fitness": 0.5853693181818181,
      "games": 44
    },
    {
      "genome": [
        0.36693822364644535,
        0.47722005489110364,
        -0.10704491503223841,
        -1.0895607046564761,
        0.7782839706015584,
        0.39224478601772095,
        1.3246791991063551,
        1.067800544408941,
        0.36346908326906596,
        0.42426651140653876,
        0.19838977297390997,
        0.3768129625096376
      ],
      "fitness": 0.35683593750000003,
      "games": 44
    },
    {
      "genome": [
        0.7116759929793532,
        0.07531190909600344,
        -0.18284866696469657,
        0.5778299317058602,
        0.6477124082763931,
        0.22105072800002498,
        1.2654988279722474,
        1.0304482398432424,
        0.5592730247122036,
        1.294757023430066,
        -0.0045370034631141785,
        0.26265630904093296
      ],
      "fitness": 0.21466619318181818,
      "games": 44
    },
    {
      "genome": [
        0.6810360254971836,
        -0.49566891692912796,
        0.8758915753808316,
        0.6997715399983929,
        0.6784646686790804,
        1.0803883390590863,
        -0.11488532028243985,
        0.01539461063936475,
        0.6544183991442596,
        0.38969532213224295,
        -0.015846842405239665,
        -0.775843763253637
      ],
      "fitness": 0.23771306818181814,
      "games": 44
    },
    {
      "genome": [
        0.6401094417376205,
        0.015960822309115823,
        0.8334722487998592,
        -1.493606836312127,
        0.5687754191988633,
        1.5088226601960617,
        0.30708123013736366,
        1.496685438005887,
        0.6439837898719314,
        0.8494322857796222,
        0.258517127558446,
        -0.42712921516302527
      ],
      "fitness": 0.7587002840909093,
      "games": 44
    },
    {
      "genome": [
        0.60624640379656,
        0.42311962954373833,
        0.13794326525586825,
        0.509427719987269,
        0.573804336284355,
        1.1735209417645143,
        -0.034263134166024084,
        0.8489127254431151,
        1.3200937108086201,
        0.40623595094937476,
        0.09514080204683878,
        0.9941100474910444
      ],
      "fitness": 0.5921519886363635,
      "games": 44
    },
    {
      "genome": [
        0.6731700979014472,
        0.1961182771691752,
        0.8820439810285096,
        0.5363647418404579,
        0.47985659043237194,
        1.4490437737873854,
        0.1664352311386429,
        -0.02344160927197031,
        0.16626888995878777,
        0.311750338134197,
        -0.2211387441740324,
        -0.4596828003537443
      ],
      "fitness": 0.7515980113636364,
      "games": 44
    },
    {
      "genome": [
        0.34110502040744145,
        0.29219579158984893,
        0.28075462923673017,
        0.7145924293159016,
        0.6037547442222296,
        1.2911745554050316,
        0.8531792963175487,
        0.7475761344999338,
        0.8884387061863281,
        1.0554450869147332,
        0.13298049954354252,
        -0.3005041394956346
      ],
      "fitness": 0.4802911931818181,
      "games": 44
    },
    {
      "genome": [
        0.36771179063874104,
        0.47868448514914347,
        2.6222444345274374,
        -0.04961891230314994,
        0.7694978630292441,
        1.0774323147001825,
        1.2766661605008143,
        0.9978762909127274,
        1.6214586890198583,
        1.2367095418266723,
        0.2974476427621231,
        1.1507983968315783
      ],
      "fitness": 0.6441761363636361,