{
  "format": "cosmos-genetic-othello",
  "version": 1,
  "saved_at": "2026-07-14T20:40:26.534291+00:00",
  "generation": 19,
  "feature_names": [
    "disc_difference",
    "opponent_mobility",
    "corners",
    "edges",
    "frontier_safety",
    "positional_value"
  ],
  "genome_layout": "opening weights followed by endgame weights",
  "generation_best": {
    "genome": [
      0.12820762523822976,
      -0.09016442800665357,
      0.6498684910510588,
      0.3451327496163791,
      0.5220997106564462,
      1.6472244481753386,
      0.42911671537265816,
      0.5158142456651216,
      1.4502200727713557,
      0.6089067241412282,
      0.1624113080980521,
      0.3746251928914406
    ],
    "fitness": 0.7127840909090909,
    "games": 44
  },
  "best_ever": {
    "genome": [
      0.6731700979014472,
      0.1961182771691752,
      0.8820439810285096,
      0.5363647418404579,
      0.47985659043237194,
      1.4490437737873854,
      0.1664352311386429,
      -0.02344160927197031,
      0.31557339178164895,
      0.311750338134197,
      0.029406616705753882,
      -0.4596828003537443
    ],
    "fitness": 0.9439453125,
    "games": 44
  },
  "population": [
    {
      "genome": [
        0.34361280353471674,
        0.11662191481979389,
        0.558312881469331,
        -0.32709208226801983,
        0.5622295956516186,
        1.5714668141918047,
        0.6237690939670131,
        0.5461528211941375,
        1.154932200326521,
        0.7416075652712549,
        0.0004671369841896568,
        0.35240003077277027
      ],
      "fitness": 0.6878551136363636,
      "games": 44
    },
    {
      "genome": [
        0.21590902963063902,
        -0.04668792098278173,
        0.5469347749344796,
        0.566766316738714,
        0.599118548841194,
        1.7857255800863334,
        0.8714066844818585,
        0.9132282502901912,
        0.7726750638291561,
        0.8590600586477614,
        0.24276294413041946,
        0.503996115104535
      ],
      "fitness": 0.5487393465909092,
      "games": 44
    },
    {
      "genome": [
        0.19709795012691403,
        -0.0054362334191701105,
        0.3154218187379439,
        0.5690057597883159,
        0.4818838775636634,
        1.6888562860110112,
        0.8787089446400216,
        0.8856842500375731,
        0.8638977430668006,
        0.46802562055429753,
        0.24239582874360466,
        0.5011945231959778
      ],
      "fitness": 0.6641335227272728,
      "games": 44
    },
    {
      "genome": [
        0.21590902963063902,
        0.09648156090024745,
        0.5469347749344796,
        0.5735130449174116,
        0.4617102932752246,
        1.7857255800863336,
        0.8025631360772041,
        0.5220612521340822,
        0.7726750638291562,
        0.8590600586477614,
        0.24276294413041946,
        0.7231882866368079
      ],
      "fitness": 0.5621093749999999,
      "games": 44
    },
    {
      "genome": [
        0.4922486269642771,
        0.06931267043589445,
        0.6361661200050669,
        0.6064157736736904,
        0.39907018864568866,
        1.6613674072310771,
        0.6412117621237515,
        -0.23276507237091457,
        1.1951728472191772,
        1.0260779787958954,
        0.19538615556569935,
        0.47636239957975735
      ],
      "fitness": 0.47729048295454546,
      "games": 44
    },
    {
      "genome": [
        0.11230996685807801,
        0.08392557352288735,
        0.7297993563235611,
        0.24381258677460385,
        0.4571419862520758,
        1.6940567576133807,
        0.6844610991297717,
        0.47416927804590553,
        1.2289106096441085,
        1.0900772943109092,
        -0.1626803435062475,
        0.5425204170653046
      ],
      "fitness": 0.6182350852272727,
      "games": 44
    },
    {
      "genome": [
        0.6129397022821448,
        0.05573217726912873,
        0.810949505363708,
        0.5828198080551289,
        0.3612563817080742,
        1.7037620280459553,
        0.7263451326983654,
        0.21805794697389547,
        1.204469571234593,
        0.7439784394319682,
        0.2144342287444136,
        0.3723876287954823
      ],
      "fitness": 0.4740589488636365,
      "games": 44
    },
    {
      "genome": [
        -0.2509445977962117,
        0.08574067803662967,
        0.6816814114394198,
        0.12518288452400797,
        0.4760654697622345,
        1.6807985352084172,
        0.6932276804215963,
        0.5674239942663702,
        1.1350084817223496,
        1.0221079409689242,
        0.17670528514659362,
        0.2545785123809935
      ],
      "fitness": 0.514435369318182,
      "games": 44
    },
    {
      "genome": [
        0.3126986300606773,
        0.1496453328844961,
        0.5392618599177048,
        0.5173635202198597,
        0.4740742309301163,
        1.5228781941437373,
        0.6633676720736759,
        0.43288787146711816,
        1.3092074712343724,
        0.8010388281500731,
        0.0739083932501245,
        0.3346261473298873
      ],
      "fitness": 0.4992897727272729,
      "games": 44
    },
    {
      "genome": [
        0.37418684969661575,
        0.055040514582182495,
        0.8220750337881515,
        0.25557176329630943,
        0.5606876418698942,
        1.1954588708503904,
        0.8292576959696165,
        0.5505767564677386,
        1.0864991598083107,
        0.6749257559149348,
        0.1327698801449571,
        0.3315327222308315
      ],
      "fitness": 0.5472656250000001,
      "games": 44
    },
    {
      "genome": [
        0.5320541808538364,
        -0.04594975977326155,
        0.5504094429049233,
        -0.38983240669505287,
        0.582840622726892,
        1.7091589959853928,
        0.7044130141797678,
        0.9718999823481448,
        0.4209123836001043,
        0.8026831382685002,
        0.24025161096487835,
        0.5416617540801272
      ],
      "fitness": 0.45220170454545455,
      "games": 44
    },
    {
      "genome": [
        0.587406564007586,
        0.04629476219954776,
        0.7809824329693237,
        0.5146096862515215,
        0.35362535567167447,
        1.639483757752116,
        0.6877275935457182,
        0.3948760238183083,
        1.1969822869272628,
        0.7560698515664908,
        0.1823609632944484,
        0.43522817500807065
      ],
      "fitness": 0.5576349431818182,
      "games": 44
    },
    {
      "genome": [
        0.3961338354536955,
        0.11738156708440894,
        0.7753966093465924,
        -0.5230301096695082,
        0.6103077976376173,
        1.584933274651967,
        0.6776269764479173,
        0.5443121582209122,
        1.3049773090107162,
        0.8278781393995279,
        0.1701868028548862,
        0.38609547864548566
      ],
      "fitness": 0.4569069602272727,
      "games": 44
    },
    {
      "genome": [
        -0.14318587296477775,
        0.10485267534909973,
        0.7690956960102573,
        0.22336868432716908,
        0.463262809593569,
        1.7143420362909687,
        0.6096498243111841,
        0.5120323466507609,
        1.21420305098938,
        1.0722308690842142,
        0.44752306230905764,
        0.6104882263407052
      ],
      "fitness": 0.6227095170454546,
      "games": 44
    },
    {
      "genome": [
        0.32418713971507535,
        0.11857006808490654,
        0.5246315777245667,
        -0.05393390522806582,
        0.5721100791602416,
        1.601806902692754,
        0.6960277824633399,
        0.2778703807607304,
        1.177279638579582,
        0.741799284020344,
        0.22160772502591775,
        0.37305124749597607
      ],
      "fitness": 0.5153941761363635,