{
  "format": "cosmos-genetic-othello",
  "version": 1,
  "saved_at": "2026-07-14T20:50:06.012409+00:00",
  "generation": 24,
  "feature_names": [
    "disc_difference",
    "opponent_mobility",
    "corners",
    "edges",
    "frontier_safety",
    "positional_value"
  ],
  "genome_layout": "opening weights followed by endgame weights",
  "generation_best": {
    "genome": [
      -0.44251867849047444,
      -0.036268257728605556,
      0.7131164665005443,
      0.1874289451906308,
      0.009149213351317811,
      1.6987054347325186,
      0.711097671315002,
      0.8260368268832134,
      1.1577991686681566,
      0.5668841240841112,
      0.21325029814250573,
      0.44680773483401837
    ],
    "fitness": 0.7355113636363633,
    "games": 44
  },
  "best_ever": {
    "genome": [
      0.6731700979014472,
      0.1961182771691752,
      0.8820439810285096,
      0.5363647418404579,
      0.47985659043237194,
      1.4490437737873854,
      0.1664352311386429,
      -0.02344160927197031,
      0.31557339178164895,
      0.311750338134197,
      0.029406616705753882,
      -0.4596828003537443
    ],
    "fitness": 0.9439453125,
    "games": 44
  },
  "population": [
    {
      "genome": [
        0.48943063994036967,
        0.13193933737728464,
        0.6751123793389421,
        0.714667687954809,
        0.2530264784419866,
        1.7250905364435105,
        0.6632717746158658,
        0.6786185191582212,
        1.1594204537274535,
        0.6843562595692653,
        -0.07902546853633097,
        0.5169191175733754
      ],
      "fitness": 0.5122336647727272,
      "games": 44
    },
    {
      "genome": [
        -0.3128831854976201,
        0.055298773282415926,
        0.6676513193589346,
        -0.49298959238976997,
        0.041050760601362035,
        1.6698960874277224,
        0.7137682348255379,
        0.859561395774218,
        1.1488771361387282,
        0.8507361215659492,
        0.21301360291292826,
        0.5963292795493301
      ],
      "fitness": 0.5598011363636363,
      "games": 44
    },
    {
      "genome": [
        0.31492626976900406,
        0.14384605529968716,
        0.6767027431829177,
        1.0608133746022639,
        0.1972520897374994,
        1.7315865919170008,
        0.6790399303577122,
        0.6623568137427274,
        1.1270270103560338,
        0.7437906865821351,
        0.3531861740109931,
        0.5143079845007636
      ],
      "fitness": 0.47585227272727254,
      "games": 44
    },
    {
      "genome": [
        0.09588453610077816,
        0.04024065113439512,
        0.6665276268344666,
        -0.2602386949337392,
        0.22736970343713098,
        1.6846797427578395,
        0.23991618305350815,
        0.9333992532031777,
        1.1880766499553042,
        0.8671920513570692,
        0.20981303437980703,
        0.3991525378659592
      ],
      "fitness": 0.43180042613636366,
      "games": 44
    },
    {
      "genome": [
        0.3000919462468449,
        0.16836009696269935,
        0.6767821659657924,
        0.8731717838265892,
        0.2556207950799146,
        1.5239755603577212,
        0.7183858917492225,
        0.5421527116029162,
        0.968673745472298,
        0.43213406715882285,
        0.022700990987980785,
        0.504688773955203
      ],
      "fitness": 0.6190518465909092,
      "games": 44
    },
    {
      "genome": [
        -0.38390415375703646,
        -0.019721171752513596,
        0.7151568493532009,
        -0.501217285900945,
        0.3239668892775417,
        1.6820760518019622,
        0.7136095739183285,
        0.8398242413506412,
        1.5725080364204664,
        0.8496997723994972,
        0.4234224734805905,
        0.6065697304018207
      ],
      "fitness": 0.5825994318181819,
      "games": 44
    },
    {
      "genome": [
        -0.44251867849047444,
        -0.036268257728605556,
        0.7131164665005443,
        0.1874289451906308,
        0.009149213351317811,
        1.6987054347325186,
        0.711097671315002,
        0.8260368268832134,
        1.1577991686681566,
        0.5668841240841112,
        0.21325029814250573,
        0.44680773483401837
      ],
      "fitness": 0.7355113636363633,
      "games": 44
    },
    {
      "genome": [
        -0.08540841656664709,
        0.08292655235665443,
        0.6957007713623361,
        0.08108738857021253,
        0.2541245762985544,
        1.6695266604093875,
        0.6540062216055268,
        0.6507089072945371,
        1.1614008199237953,
        0.7059158807063537,
        0.1624091026789775,
        0.5129063750456578
      ],
      "fitness": 0.5126598011363638,
      "games": 44
    },
    {
      "genome": [
        0.48811531471526776,
        0.14311841450817453,
        0.8459275568778963,
        0.08216414782828138,
        0.4805546342951034,
        1.7280823632438982,
        0.6640894873514612,
        0.530558624236996,
        1.1601921026299982,
        0.8233562670425636,
        0.08412535637195329,
        0.350510266610499
      ],
      "fitness": 0.4794744318181816,
      "games": 44
    },
    {
      "genome": [
        -0.2534241454613476,
        0.0552774562944408,
        0.41973415812544823,
        -0.6695225310795287,
        0.3291047890521217,
        1.5307221272718157,
        0.6221854985741039,
        0.4884760906737103,
        1.1565301077310732,
        0.8452524557665666,
        0.20955464902457682,
        0.5836271273720491
      ],
      "fitness": 0.5005681818181817,
      "games": 44
    },
    {
      "genome": [
        0.0963582329831384,
        0.03353631221216563,
        0.959253160978262,
        -0.44374770511361067,
        0.05723188142686908,
        1.7071701684073122,
        0.7764215315248155,
        0.8061027269376584,
        1.1560524836064991,
        0.7387237912890805,
        0.21153841858145928,
        0.3027767233078314
      ],
      "fitness": 0.4663352272727272,
      "games": 44
    },
    {
      "genome": [
        0.09557184330565732,
        0.10850551025078009,
        0.23923488258925632,
        0.5021872707404834,
        0.008413270862281885,
        1.6705115769559586,
        0.717901696161974,
        1.5656017412313572,
        1.1404084108564432,
        0.6871851510695819,
        -0.012901889603285033,
        0.5730365981873586
      ],
      "fitness": 0.7227095170454546,
      "games": 44
    },
    {
      "genome": [
        0.48943063994036967,
        -0.06938936130266421,
        0.8114340304482123,
        0.714667687954809,
        0.2530264784419866,
        1.7250905364435105,
        0.44550066741544603,
        0.6786185191582212,
        1.1594204537274535,
        0.6843562595692653,
        -0.07902546853633097,
        0.5169191175733754
      ],
      "fitness": 0.46324573863636365,
      "games": 44
    },
    {
      "genome": [
        -0.24382605526306012,
        -0.19878555071143772,
        0.6707076213716916,
        -0.4077317924685414,
        0.20214937272088013,
        1.5464188079966548,
        0.6297687429949408,
        0.6773664398282633,
        1.1198044167627685,
        0.7888064895258731,
        0.21564121323436475,
        0.5428726409134749
      ],
      "fitness": 0.6159623579545456,
      "games": 44
    },
    {
      "genome": [
        -0.04668242561142005,
        0.055277350161590445,
        0.40986410923966876,
        -0.2156152156542792,
        0.26241404205043695,
        1.5066564259507298,
        0.52372749052834,
        0.5460405926747266,
        0.7714633499998099,
        0.7491551565217115,
        0.19116035420409105,
        0.5043563835743823
      ],
      "fitness": 0.47613636363636364,